{
	"class_name" : "PinholeCameraParameters",
	"extrinsic" : 
	[
		0.9702018898663628,
		0.1864449791231107,
		0.15474676946392454,
		0.0,
		0.15460468311116121,
		-0.96811402502242272,
		0.19711069609481199,
		0.0,
		0.18656281746327597,
		-0.16731259460861489,
		-0.9680913235978813,
		0.0,
		-318.25203000926024,
		90.417867926108812,
		661.05676636454746,
		1.0
	],
	"intrinsic" : 
	{
		"height" : 914,
		"intrinsic_matrix" : 
		[
			791.54721905897702,
			0.0,
			0.0,
			0.0,
			791.54721905897702,
			0.0,
			539.5,
			456.5,
			1.0
		],
		"width" : 1080
	},
	"version_major" : 1,
	"version_minor" : 0
}