{
	"class_name" : "PinholeCameraParameters",
	"extrinsic" : 
	[
		0.88773299814509954,
		-0.44373546321770296,
		0.12259266979425579,
		0.0,
		-0.43683527109863196,
		-0.89599012051808391,
		-0.079853928257627646,
		0.0,
		0.14527584082874051,
		0.017336165001528681,
		-0.98923929736668992,
		0.0,
		-2.4323266892455457,
		-0.87937031232816443,
		182.60894555453376,
		1.0
	],
	"intrinsic" : 
	{
		"height" : 914,
		"intrinsic_matrix" : 
		[
			791.54721905897702,
			0.0,
			0.0,
			0.0,
			791.54721905897702,
			0.0,
			539.5,
			456.5,
			1.0
		],
		"width" : 1080
	},
	"version_major" : 1,
	"version_minor" : 0
}